Артикул;Бренд;Назва;Артикул кроса;Бренд кроса
01084;ASAM;Датчик давления масла;0 344 101 036;BOSCH
01084;ASAM;Датчик давления масла;0910016;METZGER
01084;ASAM;Датчик давления масла;V46-73-0014;VEMO
01084;ASAM;Датчик давления масла;7.0006;FACET
01084;ASAM;Датчик давления масла;OS3513;CALORSTAT by Vernet
01084;ASAM;Датчик давления масла;330003;ERA
01147;ASAM;Топливный насос;0 580 453 494;BOSCH
01147;ASAM;Топливный насос;219045349994;MAGNETI MARELLI
01232;ASAM;Воздушный фильтр;C 2212;MANN-FILTER
01232;ASAM;Воздушный фильтр;1 987 429 165;BOSCH
01232;ASAM;Воздушный фильтр;A1065;PURFLUX
01232;ASAM;Воздушный фильтр;W 718;CHAMPION
01232;ASAM;Воздушный фильтр;A39210;PUROLATOR
01232;ASAM;Воздушный фильтр;J1320904;HERTH+BUSS JAKOPARTS
01232;ASAM;Воздушный фильтр;CA9300;FRAM
01232;ASAM;Воздушный фильтр;AF0437;DELPHI
01232;ASAM;Воздушный фильтр;A101;TECNOCAR
01232;ASAM;Воздушный фильтр;S 7274 A;SOFIMA
01232;ASAM;Воздушный фильтр;DA-751;AMC Filter
01232;ASAM;Воздушный фильтр;AI-3737;P.B.R.
01232;ASAM;Воздушный фильтр;MA 1301;CLEAN FILTERS
01232;ASAM;Воздушный фильтр;FA-W00S;JAPANPARTS
01232;ASAM;Воздушный фильтр;FA-W00;JAPANPARTS
01232;ASAM;Воздушный фильтр;JFA-W00;JAPANPARTS
01232;ASAM;Воздушный фильтр;JFA-W00S;JAPANPARTS
01232;ASAM;Воздушный фильтр;MD-9678;ALCO FILTER
01232;ASAM;Воздушный фильтр;AK 317;FILTRON
01232;ASAM;Воздушный фильтр;27.274.00;UFI
01232;ASAM;Воздушный фильтр;PC 2170 E;ACDelco
01232;ASAM;Воздушный фильтр;SB 976;SCT Germany
01232;ASAM;Воздушный фильтр;20-W0-000;ASHIKA
01232;ASAM;Воздушный фильтр;J1320904;NIPPARTS
01232;ASAM;Воздушный фильтр;16219;HOFFER
01232;ASAM;Воздушный фильтр;8200219;HOFFER
01232;ASAM;Воздушный фильтр;ADG 02242;BLUE PRINT
01232;ASAM;Воздушный фильтр;PA7358;COOPERSFIAAM FILTERS
